{
  "mode": "dp_opt",
  "dataset": "cifar10",
  "imbalance_ratio": 1.0,
  "seed": 0,
  "batch_size": 1024,
  "aug_mult": 4,
  "lr": 2.0,
  "epochs": 200,
  "C": 1.0,
  "momentum": 0.9,
  "weight_decay": 0.0005,
  "sigma": 3.251953125,
  "eps_target": 3.0,
  "eps_achieved": 2.9953463315595794,
  "delta": 1e-05,
  "q": 0.022755555555555557,
  "T": 8600,
  "chunk_size": 512
}