{
  "mode": "dp_augmult8",
  "dataset": "cifar10",
  "imbalance_ratio": 1.0,
  "seed": 0,
  "batch_size": 256,
  "aug_mult": 8,
  "lr": 1.4142135623730951,
  "epochs": 200,
  "C": 1.0,
  "momentum": 0.9,
  "weight_decay": 0.0005,
  "sigma": 1.7431640625,
  "eps_target": 3.0,
  "eps_achieved": 2.9965819171745762,
  "delta": 1e-05,
  "q": 0.005688888888888889,
  "T": 35000
}